ISO3,Country,Corruption_Score,Press_Freedom_Score,Literacy_Rate_Pct,Rule_of_Law_Score_Pct,Total_Deal_Size,Avg_Deal_Size,Num_Deals,Prop_Agriculture,Prop_Mining,Climate_Cases,Prop_Climate_Decided,Prop_Climate_Agriculture,ISDS_Cases,Avg_Amount_Claimed,Total_Amount_Claimed,ISDS_Cases_Ag_Mining,Population,log_Population
AFG,Afghanistan,17.0,39.75,37.0,,48.56,24.28,2.0,0.0,0.0,0.0,,,0.0,0.0,0.0,0.0,43844100.0,17.596150718128943
AGO,Angola,32.0,48.3,72.0,,852565.0,18534.021739130436,46.0,0.9565217391304348,0.021739130434782608,0.0,,,0.0,0.0,0.0,0.0,39040000.0,17.480097319509166
ALB,Albania,42.0,57.86,99.0,45.75711263459958,32545.8,3254.58,10.0,0.5,0.0,0.0,,,7.0,181.14285714285714,1268.0,2.0,2771510.0,14.834902855989915
AND,,,75.05,100.0,,0.0,0.0,0.0,,,0.0,,,0.0,0.0,0.0,0.0,82904.0,11.325438590864053
ARE,United Arab Emirates,68.0,42.99,98.0,55.30594951391282,0.0,0.0,0.0,,,0.0,,,3.0,235.4333333333333,706.3,0.0,11346000.0,16.24437581686865
ARG,Argentina,37.0,73.36,99.0,45.99245083640942,19610526.9,41198.58592436974,476.0,0.5504201680672269,0.3739495798319328,7.0,0.14285714285714285,0.7142857142857143,48.0,677.7416666666667,32531.6,8.0,45851400.0,17.64091629055173
ARM,Armenia,47.0,70.61,100.0,,52000.0,52000.0,1.0,1.0,0.0,0.0,,,3.0,63.333333333333336,190.0,2.0,2952360.0,14.898115408486566
AUS,Australia,77.0,78.24,100.0,88.34569319810308,0.0,0.0,0.0,,,26.0,0.6923076923076923,0.5,2.0,99231.2,198462.4,2.0,26974000.0,17.11038399705894
AUT,Austria,67.0,77.3,,82.25011378235942,0.0,0.0,0.0,,,7.0,0.8571428571428571,0.42857142857142855,1.0,232.8,232.8,0.0,9113570.0,16.025275069530558
AZE,Azerbaijan,22.0,39.93,100.0,,0.0,0.0,0.0,,,0.0,,,4.0,380.0,1520.0,1.0,10397700.0,16.15709518580733
BDI,Burundi,17.0,52.14,76.0,,0.0,0.0,0.0,,,0.0,,,3.0,62.333333333333336,187.0,3.0,14390000.0,16.48204407886355
BEL,Belgium,69.0,76.47,,78.08681048535466,0.0,0.0,0.0,,,4.0,0.5,0.25,1.0,960.6,960.6,0.0,11758600.0,16.280095445728975
BEN,Benin,45.0,52.44,47.0,,355000.0,39444.444444444445,9.0,0.6666666666666666,0.0,0.0,,,0.0,0.0,0.0,0.0,14814500.0,16.511116988842144
BFA,Burkina Faso,41.0,67.64,34.0,43.31837341953797,835927.0,41796.35,20.0,0.1,0.9,0.0,,,0.0,0.0,0.0,0.0,24074600.0,16.996667900764848
BGD,Bangladesh,23.0,35.31,75.0,40.29314208965748,83209.19,1155.6831944444446,72.0,0.09722222222222222,0.0,0.0,,,1.0,12.5,12.5,0.0,175687000.0,18.984214560664682
BGR,Bulgaria,43.0,62.98,98.0,51.46301756811993,1313417.74,3267.2083084577116,402.0,0.11940298507462686,0.0,1.0,0.0,0.0,5.0,450.68,2253.4,1.0,6714560.0,15.719788860848467
BHR,Bahrain,53.0,30.59,98.0,,0.0,0.0,0.0,,,0.0,,,2.0,3757.1,7514.2,0.0,1643330.0,14.31223522895114
BHS,Bahamas,65.0,,,,0.0,0.0,0.0,,,0.0,,,0.0,0.0,0.0,0.0,403033.0,12.906773723432435
BIH,Bosnia and Herzegovina,33.0,65.43,98.0,54.5037693443433,6694.75,514.9807692307693,13.0,0.6923076923076923,0.0,0.0,,,3.0,373.6333333333334,1120.9,0.0,3140100.0,14.959765204511084
BLR,Belarus,33.0,37.17,100.0,33.50350992184788,330291.4,41286.425,8.0,0.625,0.0,0.0,,,2.0,92.65,185.3,0.0,8997600.0,16.01246843307195
BLZ,,,70.49,81.0,,154450.0,22064.285714285714,7.0,1.0,0.0,0.0,,,3.0,172.96666666666667,518.9,0.0,422924.0,12.954947772855268
BOL,Bolivia,28.0,51.09,94.0,37.60672071139378,772238.31,30889.532400000004,25.0,0.36,0.64,0.0,,,17.0,369.81176470588235,6286.8,6.0,12581800.0,16.34776188326172
BRA,Brazil,34.0,58.67,94.0,62.23028236694756,32422980.48,53415.12434925865,607.0,0.5387149917627677,0.08896210873146623,213.0,0.13615023474178403,0.7934272300469484,0.0,0.0,0.0,0.0,212812000.0,19.175919704819297
BRB,Barbados,68.0,,100.0,,0.0,0.0,0.0,,,0.0,,,1.0,21.7,21.7,0.0,282623.0,12.551869133040416
BRN,,,44.2,98.0,,0.0,0.0,0.0,,,0.0,,,0.0,0.0,0.0,0.0,466330.0,13.05264881699113
BTN,Bhutan,72.0,59.25,72.0,,0.0,0.0,0.0,,,0.0,,,0.0,0.0,0.0,0.0,796682.0,13.58821088191629
BWA,Botswana,57.0,64.61,89.0,73.28336029706017,5282.0,1056.4,5.0,0.4,0.6,0.0,,,0.0,0.0,0.0,0.0,2562120.0,14.756345598749427
CAF,Central African Republic,24.0,57.56,37.0,,2137849.7199999997,164449.97846153844,13.0,0.9230769230769231,0.07692307692307693,0.0,,,0.0,0.0,0.0,0.0,5513280.0,15.522670285326178
CAN,Canada,75.0,83.53,100.0,78.27798588953276,0.0,0.0,0.0,,,10.0,0.1,0.6,33.0,1007.3484848484849,33242.5,12.0,40126700.0,17.50755250611822
CHE,Switzerland,81.0,84.4,100.0,,0.0,0.0,0.0,,,7.0,0.7142857142857143,0.2857142857142857,1.0,330.5,330.5,0.0,8967410.0,16.009107452096227
CHL,Chile,63.0,60.09,97.0,73.66246455514838,1141746.26,8782.663538461538,130.0,0.3384615384615385,0.023076923076923078,8.0,0.75,0.625,7.0,271.04285714285714,1897.3,1.0,19859900.0,16.804213181321895
CHN,China,43.0,22.97,97.0,36.399932862631786,3941863.75,40637.7706185567,97.0,0.7628865979381443,0.0,1.0,1.0,1.0,3.0,63.96666666666667,191.9,1.0,1416100000.0,21.071172451193288
CIV,CÃ´te d'Ivoire,45.0,68.83,,,1395706.0,35787.333333333336,39.0,0.8717948717948718,0.07692307692307693,0.0,,,0.0,0.0,0.0,0.0,32711500.0,17.303237255999065
CMR,Cameroon,26.0,45.58,78.0,30.843937252190063,14203277.19,68284.98649038462,208.0,0.9759615384615384,0.019230769230769232,0.0,,,2.0,556.0,1112.0,0.0,29879300.0,17.212676490912973
COD,Democratic Republic of the Congo,20.0,48.55,81.0,,17677025.0,129029.37956204379,137.0,0.8321167883211679,0.1386861313868613,0.0,,,1.0,21.5,21.5,1.0,112832000.0,18.54141054473968
COG,Congo,23.0,60.42,,,6773644.0,173683.1794871795,39.0,0.8974358974358975,0.05128205128205128,0.0,,,2.0,792.0,1584.0,3.0,6484440.0,15.684916018881445
COL,Colombia,39.0,45.23,96.0,54.59972126114335,3297414.34,16823.542551020408,196.0,0.4387755102040816,0.3469387755102041,9.0,0.7777777777777778,0.4444444444444444,16.0,2042.8999999999999,32686.399999999998,10.0,53425600.0,17.79380058980366
COM,Comoros,21.0,62.25,62.0,,0.0,0.0,0.0,,,0.0,,,0.0,0.0,0.0,0.0,882847.0,13.690907191639425
CPV,Cabo Verde,62.0,75.72,,,0.0,0.0,0.0,,,0.0,,,0.0,0.0,0.0,0.0,527326.0,13.175574232097397
CRI,Costa Rica,58.0,80.2,98.0,,89975.0,6426.785714285715,14.0,0.6428571428571429,0.14285714285714285,0.0,,,12.0,97.60000000000001,1171.2,2.0,5152950.0,15.455079924177705
CSS,,,58.36,,,0.0,0.0,0.0,,,0.0,,,0.0,0.0,0.0,0.0,,
CTU,,,61.73,,,0.0,0.0,0.0,,,0.0,,,0.0,0.0,0.0,0.0,,
CUB,Cuba,41.0,29.0,100.0,,6100.0,3050.0,2.0,1.0,0.0,0.0,,,0.0,0.0,0.0,0.0,10937200.0,16.207680380700406
CYP,Cyprus,56.0,68.62,99.0,,0.0,0.0,0.0,,,0.0,,,3.0,597.4,1792.1999999999998,0.0,1370750.0,14.130868593266294
CZE,Czechia,56.0,83.58,,,0.0,0.0,0.0,,,2.0,0.5,1.0,40.0,207.85225,8314.09,1.0,10609200.0,16.177232107181897
DEU,Germany,75.0,81.91,100.0,82.0533675870473,0.0,0.0,0.0,,,17.0,0.35294117647058826,0.47058823529411764,2.0,3270.0,6540.0,0.0,84075100.0,18.247221005004114
DJI,Djibouti,31.0,35.87,,,0.0,0.0,0.0,,,0.0,,,0.0,0.0,0.0,0.0,1184080.0,13.98447665971107
DMA,Dominica,60.0,,,,0.0,0.0,0.0,,,0.0,,,0.0,0.0,0.0,0.0,65871.0,11.095453562937447
DNK,Denmark,90.0,89.48,,92.75161761461734,0.0,0.0,0.0,,,1.0,1.0,1.0,0.0,0.0,0.0,0.0,6002510.0,15.60768827304867
DOM,Dominican Republic,36.0,71.88,95.0,53.042032899169634,307650.6,61530.119999999995,5.0,0.2,0.4,0.0,,,10.0,239.01,2390.1,1.0,11520500.0,16.259638615067924
DZA,Algeria,34.0,45.74,81.0,,305807.0,20387.133333333335,15.0,1.0,0.0,0.0,,,7.0,3299.042857142857,23093.3,1.0,47435300.0,17.67487723523309
ECU,Ecuador,32.0,60.51,94.0,40.65828083819214,333087.58,11102.919333333333,30.0,0.1,0.43333333333333335,2.0,1.0,0.0,21.0,332.17619047619047,6975.7,15.0,18289900.0,16.72185955288354
EGY,Egypt,30.0,33.37,75.0,,449766.4,18740.266666666666,24.0,0.75,0.041666666666666664,0.0,,,26.0,925.0961538461538,24052.5,8.0,118366000.0,18.589292077013067
ERI,Eritrea,13.0,27.86,77.0,,3290.0,1645.0,2.0,0.0,1.0,0.0,,,0.0,0.0,0.0,0.0,3607000.0,15.098386959885676
ESP,Spain,56.0,75.37,99.0,75.28438321305492,0.0,0.0,0.0,,,2.0,0.5,0.0,42.0,246.2047619047619,10340.6,1.0,47890000.0,17.684417272318793
EST,Estonia,76.0,85.31,100.0,79.4741133706259,0.0,0.0,0.0,,,2.0,0.5,0.5,5.0,138.98,694.9,0.0,1344230.0,14.11133191637638
ETH,Ethiopia,37.0,47.7,52.0,36.004688664712056,3430220.66,11993.778531468532,286.0,0.8951048951048951,0.0034965034965034965,0.0,,,2.0,100.5,201.0,1.0,135472000.0,18.724275534864194
FIN,Finland,88.0,87.94,,89.10935164922829,0.0,0.0,0.0,,,2.0,1.0,0.5,0.0,0.0,0.0,0.0,5623330.0,15.542434573085638
FJI,Fiji,55.0,59.27,99.0,,0.0,0.0,0.0,,,0.0,,,0.0,0.0,0.0,0.0,933154.0,13.746325525158376
FRA,France,67.0,78.72,100.0,79.733592234827,0.0,0.0,0.0,,,11.0,0.36363636363636365,0.6363636363636364,1.0,4972.0,4972.0,1.0,66650800.0,18.014977607517707
GAB,Gabon,27.0,58.12,86.0,,7842760.0,270440.0,29.0,0.896551724137931,0.06896551724137931,0.0,,,2.0,201.55,403.1,1.0,2593130.0,14.768376198242875
GBR,United Kingdom,71.0,78.51,100.0,78.51608444345767,0.0,0.0,0.0,,,50.0,0.62,0.26,0.0,0.0,0.0,0.0,69551300.0,18.057575167747824
GEO,Georgia,53.0,61.69,100.0,48.3662705945965,59475.0,1699.2857142857142,35.0,1.0,0.0,0.0,,,10.0,83.6,836.0,1.0,3806670.0,15.152265349180388
GHA,Ghana,42.0,65.93,80.0,72.42105836901067,1420307.8599999999,10925.445076923075,130.0,0.8076923076923077,0.046153846153846156,0.0,,,2.0,98.85,197.7,0.0,35064300.0,17.37269407682789
GIN,Guinea,28.0,59.51,45.0,,674308.0,33715.4,20.0,0.7,0.15,0.0,,,0.0,0.0,0.0,0.0,15099700.0,16.53018543403812
GMB,Gambia,38.0,71.06,59.0,,231200.0,77066.66666666667,3.0,0.6666666666666666,0.0,0.0,,,0.0,0.0,0.0,1.0,2822090.0,14.85298830316133
GNB,Guinea-Bissau,21.0,61.57,,,2964.0,1482.0,2.0,1.0,0.0,0.0,,,0.0,0.0,0.0,0.0,2249520.0,14.626227418088476
GNQ,Equatorial Guinea,13.0,50.35,95.0,,0.0,0.0,0.0,,,0.0,,,1.0,600.0,600.0,0.0,1938430.0,14.477388925046489
GRC,Greece,49.0,55.2,98.0,64.14802718456681,0.0,0.0,0.0,,,0.0,,,3.0,2078.8333333333335,6236.5,0.0,9938840.0,16.11196087162155
GRD,Grenada,56.0,,99.0,,0.0,0.0,0.0,,,0.0,,,1.0,500.0,500.0,1.0,117303.0,11.67251560976209
GTM,Guatemala,25.0,48.12,84.0,52.440067786667285,786605.0,43700.27777777778,18.0,0.4444444444444444,0.3888888888888889,0.0,,,7.0,184.87142857142857,1294.1,1.0,18687900.0,16.743386813568375
GUY,Guyana,39.0,67.5,90.0,,1444074.88,180509.36,8.0,0.75,0.125,1.0,1.0,0.0,1.0,9.9,9.9,1.0,835986.0,13.636367145515132
HKG,Hong Kong,74.0,44.86,,,0.0,0.0,0.0,,,0.0,,,0.0,0.0,0.0,0.0,7396080.0,15.816460688088306
HND,Honduras,22.0,32.65,89.0,,21621.83,1544.4164285714287,14.0,0.07142857142857142,0.6428571428571429,0.0,,,2.0,625.9,1251.8,0.0,11005800.0,16.213932964530496
HRV,Croatia,47.0,71.95,99.0,61.11957359409206,0.0,0.0,0.0,,,0.0,,,12.0,204.275,2451.3,1.0,3848160.0,15.163105669944887
HTI,Haiti,16.0,57.38,62.0,,0.0,0.0,0.0,,,0.0,,,0.0,0.0,0.0,0.0,11906100.0,16.29256143178669
HUN,Hungary,41.0,62.96,99.0,62.88834474157275,0.0,0.0,0.0,,,1.0,1.0,1.0,11.0,237.04545454545453,2607.5,1.0,9632290.0,16.080631554050925
IDN,Indonesia,37.0,54.83,96.0,64.37924514706555,70817122.39,93303.1915546772,759.0,0.7971014492753623,0.15019762845849802,1.0,0.0,1.0,5.0,381.78000000000003,1908.9,3.0,285721000.0,19.470526368174923
IND,India,38.0,36.62,74.0,60.91414532405594,1038816.88,3509.5164864864864,296.0,0.05405405405405406,0.04054054054054054,2.0,1.0,1.0,21.0,853.9761904761905,17933.5,4.0,1463870000.0,21.104349450728563
IRL,Ireland,77.0,89.91,,,0.0,0.0,0.0,,,9.0,0.3333333333333333,0.5555555555555556,0.0,0.0,0.0,0.0,5308040.0,15.484733210200867
IRN,Iran,23.0,24.81,89.0,,0.0,0.0,0.0,,,0.0,,,1.0,600.0,600.0,0.0,92417700.0,18.341829076708496
IRQ,Iraq,26.0,32.94,,,373.0,124.33333333333333,3.0,1.0,0.0,0.0,,,3.0,717.3666666666667,2152.1,0.0,47020800.0,17.66610061496804
ISL,Iceland,77.0,83.19,,,0.0,0.0,0.0,,,0.0,,,0.0,0.0,0.0,0.0,398266.0,12.89487540273426
ISR,Israel,64.0,57.57,92.0,,0.0,0.0,0.0,,,0.0,,,0.0,0.0,0.0,0.0,9517180.0,16.068609144398792
ITA,Italy,54.0,72.05,99.0,67.11143246582166,0.0,0.0,0.0,,,2.0,0.5,1.0,6.0,96.83333333333333,581.0,1.0,59146300.0,17.895524593600374
JAM,Jamaica,44.0,75.89,89.0,59.95359104736849,36000.0,18000.0,2.0,1.0,0.0,0.0,,,0.0,0.0,0.0,0.0,2837080.0,14.85828591219496
JOR,Jordan,49.0,42.79,98.0,54.86691762449537,5860.0,976.6666666666666,6.0,0.0,0.0,0.0,,,7.0,398.2714285714286,2787.9,1.0,11520700.0,16.259655975274857
JPN,Japan,71.0,63.95,100.0,80.12198934556518,0.0,0.0,0.0,,,2.0,0.5,0.5,0.0,0.0,0.0,0.0,123103000.0,18.62853196128827
KAZ,Kazakhstan,40.0,45.87,100.0,34.64977023336932,1161577.92,24714.423829787233,47.0,0.3829787234042553,0.0,0.0,,,17.0,732.8941176470589,12459.2,9.0,20843800.0,16.852567099877895
KEN,Kenya,32.0,51.15,83.0,44.63146059811014,4860502.97,52263.47279569892,93.0,0.8387096774193549,0.043010752688172046,2.0,1.0,0.0,1.0,2000.0,2000.0,1.0,57532500.0,17.8678605634837
KGZ,Kyrgyzstan,25.0,49.91,100.0,,2185.41,728.4699999999999,3.0,0.0,0.0,0.0,,,13.0,161.60000000000002,2100.8,4.0,7295030.0,15.802703852336323
KHM,Cambodia,21.0,42.02,84.0,33.94179374764829,5734783.29,15131.354327176781,379.0,0.9102902374670184,0.002638522427440633,0.0,,,0.0,0.0,0.0,0.0,17848000.0,16.697402015094504
KOR,"Korea, South",64.0,70.83,,,0.0,0.0,0.0,,,15.0,0.6666666666666666,0.8,8.0,754.4875,6035.9,1.0,51667000.0,17.760329837807504
KSV,Kosovo,44.0,,,,0.0,0.0,0.0,,,0.0,,,0.0,0.0,0.0,0.0,,
KWT,Kuwait,46.0,38.84,96.0,,0.0,0.0,0.0,,,0.0,,,5.0,400.68,2003.4,0.0,5026080.0,15.430150914189397
LAO,Laos,33.0,36.66,88.0,,4043220.35,15491.265708812261,261.0,0.6475095785440613,0.038314176245210725,0.0,,,2.0,1000.0,2000.0,0.0,7873050.0,15.878956092965693
LBN,Lebanon,22.0,50.46,95.0,56.77301494796658,0.0,0.0,0.0,,,0.0,,,3.0,655.6333333333333,1966.9,0.0,5849420.0,15.581853068993674
LBR,Liberia,27.0,64.34,48.0,53.1314961641782,5129921.75,70272.9006849315,73.0,0.8493150684931506,0.0821917808219178,0.0,,,0.0,0.0,0.0,0.0,5731210.0,15.561437235682295
LBY,Libya,13.0,40.22,91.0,,40000.0,40000.0,1.0,1.0,0.0,0.0,,,18.0,203.40555555555557,3661.3,0.0,7458560.0,15.824872924056736
LCA,Saint Lucia,59.0,,,,0.0,0.0,0.0,,,0.0,,,0.0,0.0,0.0,0.0,180149.0,12.101539565231052
LIE,,,84.47,,,0.0,0.0,0.0,,,0.0,,,0.0,0.0,0.0,0.0,40128.0,10.599829623992592
LKA,Sri Lanka,32.0,45.85,,56.319800613648994,107552.46,3983.424444444445,27.0,0.5185185185185185,0.0,1.0,0.0,1.0,3.0,29.566666666666666,88.7,1.0,23229500.0,16.96093358062343
LSO,Lesotho,37.0,64.29,82.0,,2156.0,539.0,4.0,0.0,0.75,0.0,,,0.0,0.0,0.0,2.0,2363320.0,14.675577968075343
LTU,Lithuania,63.0,86.79,100.0,,66462.0,4430.8,15.0,0.6,0.0,0.0,,,4.0,178.4,713.6,0.0,2830140.0,14.855836738360486
LUX,Luxembourg,81.0,81.98,,,0.0,0.0,0.0,,,0.0,,,0.0,0.0,0.0,0.0,680453.0,13.430514031825831
LVA,Latvia,59.0,83.27,100.0,,0.0,0.0,0.0,,,0.0,,,7.0,32.95714285714286,230.70000000000002,0.0,1853560.0,14.432618672238629
MAR,Morocco,37.0,43.69,77.0,56.841624182960345,721293.0,42429.0,17.0,0.8235294117647058,0.0,0.0,,,6.0,165.73333333333332,994.4,0.0,38430800.0,17.464369779394353
MDA,Moldova,43.0,77.62,100.0,43.43202250137341,242088.84,13449.38,18.0,1.0,0.0,0.0,,,10.0,120.05999999999999,1200.6,1.0,2996110.0,14.912825338566073
MDG,Madagascar,26.0,56.66,77.0,45.26503868134747,7993096.0,111015.22222222222,72.0,0.5694444444444444,0.09722222222222222,0.0,,,1.0,27.4,27.4,0.0,32740700.0,17.304129510252924
MDV,Maldives,38.0,56.93,98.0,,0.0,0.0,0.0,,,0.0,,,0.0,0.0,0.0,0.0,529676.0,13.180020777840866
MEX,Mexico,26.0,47.98,95.0,55.13359045460346,647010.4,8986.255555555555,72.0,0.20833333333333334,0.3611111111111111,9.0,0.8888888888888888,0.0,40.0,474.62250000000006,18984.9,11.0,131947000.0,18.697910884770337
MKD,North Macedonia,40.0,74.35,98.0,51.86011906911041,48979.0,3767.6153846153848,13.0,0.6923076923076923,0.0,0.0,,,7.0,208.34285714285716,1458.4,5.0,1813790.0,14.410929136693383
MLI,Mali,27.0,52.29,31.0,,1106665.0,25151.477272727272,44.0,0.6590909090909091,0.18181818181818182,0.0,,,0.0,0.0,0.0,0.0,25198800.0,17.04230693230021
MLT,Malta,46.0,59.76,95.0,,0.0,0.0,0.0,,,0.0,,,0.0,0.0,0.0,0.0,545405.0,13.209283916935028
MMR,Myanmar,16.0,28.26,89.0,,1983479.68,19071.92,104.0,0.5576923076923077,0.08653846153846154,0.0,,,1.0,6.3,6.3,0.0,54850600.0,17.820123683550023
MNE,Montenegro,46.0,74.28,99.0,,0.0,0.0,0.0,,,0.0,,,5.0,466.2,2331.0,2.0,632729.0,13.357797489393564
MNG,Mongolia,33.0,59.33,99.0,50.103514724760025,1058417.31,19243.951090909093,55.0,0.16363636363636364,0.8363636363636363,0.0,,,3.0,501.0,1503.0,5.0,3517100.0,15.073147344375755
MOZ,Mozambique,25.0,56.13,63.0,,4790219.12,27689.127861271678,173.0,0.7861271676300579,0.09248554913294797,0.0,,,3.0,73.23333333333333,219.7,1.0,35631700.0,17.38874624904555
MRT,Mauritania,30.0,59.45,67.0,,132701.0,11058.416666666666,12.0,0.75,0.16666666666666666,0.0,,,0.0,0.0,0.0,0.0,5315060.0,15.486054858499735
MUS,Mauritius,51.0,65.56,92.0,,12500.0,2500.0,5.0,1.0,0.0,0.0,,,3.0,346.6666666666667,1040.0,0.0,1268280.0,14.053172209791393
MWI,Malawi,34.0,60.34,68.0,48.52633578116219,329427.0,10294.59375,32.0,0.8125,0.15625,1.0,1.0,0.0,0.0,0.0,0.0,0.0,22216100.0,16.916327809218995
MYS,Malaysia,50.0,62.83,95.0,56.75680396533623,15792898.3,100591.70891719745,157.0,0.8089171974522293,0.0,0.0,,,2.0,2.65,5.3,0.0,35977800.0,17.398412639536623
NAM,Namibia,49.0,80.91,92.0,,118458.0,5922.9,20.0,0.85,0.05,1.0,1.0,1.0,0.0,0.0,0.0,0.0,3092820.0,14.944593854047472
NER,Niger,34.0,66.84,38.0,,573502.0,31861.222222222223,18.0,0.8333333333333334,0.1111111111111111,0.0,,,0.0,0.0,0.0,0.0,27917800.0,17.14477503619223
NGA,Nigeria,26.0,49.56,62.0,45.08428464901839,5248762.0,33862.98064516129,155.0,0.9548387096774194,0.0,0.0,,,2.0,1439.0,2878.0,4.0,237528000.0,19.285796069226773
NIC,Nicaragua,14.0,37.09,83.0,30.925128364997427,5640162.59,49912.943274336285,113.0,0.504424778761062,0.2743362831858407,0.0,,,2.0,394.0,788.0,2.0,7007500.0,15.76249156202108
NLD,Netherlands,78.0,87.0,,85.75948328477185,0.0,0.0,0.0,,,7.0,0.5714285714285714,0.7142857142857143,2.0,914.45,1828.9,0.0,18346800.0,16.724965730336706
NOR,Norway,81.0,95.18,,89.81010532677112,0.0,0.0,0.0,,,1.0,1.0,1.0,1.0,533.9,533.9,3.0,5623070.0,15.542388336067562
NPL,Nepal,34.0,57.89,71.0,50.71240008264969,68123.04,933.1923287671232,73.0,0.6301369863013698,0.0,0.0,,,1.0,348.0,348.0,0.0,29618100.0,17.203896218899093
NZL,New Zealand,83.0,84.23,,86.7049475534139,0.0,0.0,0.0,,,27.0,0.7777777777777778,0.4444444444444444,0.0,0.0,0.0,0.0,5251900.0,15.474100473857979
OMN,Oman,55.0,37.87,97.0,,0.0,0.0,0.0,,,0.0,,,2.0,371.4,742.8,1.0,5494690.0,15.51929272930582
PAK,Pakistan,27.0,39.95,57.99999999999999,46.0622661990643,2321652.36,68283.89294117647,34.0,0.38235294117647056,0.08823529411764706,1.0,1.0,0.0,9.0,1466.8111111111111,13201.3,1.0,255220000.0,19.357636476270105
PAN,Panama,33.0,63.67,96.0,45.27424564179952,71573.0,1883.5,38.0,0.9210526315789473,0.05263157894736842,1.0,1.0,1.0,13.0,290.3076923076923,3774.0,1.0,4571190.0,15.335284122846872
PER,Peru,31.0,52.74,94.0,63.81670762310051,19098418.32,117168.21055214724,163.0,0.4233128834355828,0.4539877300613497,3.0,0.6666666666666666,0.0,21.0,2637.709523809524,55391.9,10.0,34576700.0,17.358690602780698
PHL,Philippines,33.0,46.21,96.0,56.3936204816924,9253800.45,17427.119491525424,531.0,0.3182674199623352,0.4067796610169492,0.0,,,5.0,236.2,1181.0,2.0,116787000.0,18.57586232079408
PNG,Papua New Guinea,31.0,67.62,64.0,,4824007.5600000005,58120.5730120482,83.0,0.9397590361445783,0.0,2.0,0.5,0.5,0.0,0.0,0.0,1.0,10762800.0,16.191606301894094
POL,Poland,53.0,67.66,100.0,78.40717800379142,0.0,0.0,0.0,,,2.0,0.5,0.0,28.0,664.775,18613.7,7.0,38140900.0,17.45679775513134
PRK,"Korea, North",15.0,21.72,,,0.0,0.0,0.0,,,0.0,,,0.0,0.0,0.0,0.0,26571000.0,17.09533095345983
PRT,Portugal,57.0,84.6,97.0,71.32494127026034,0.0,0.0,0.0,,,2.0,0.5,0.5,0.0,0.0,0.0,0.0,10411800.0,16.15845033630665
PRY,Paraguay,24.0,55.96,95.0,,1353867.6,28205.575,48.0,0.8958333333333334,0.0625,0.0,,,3.0,32.96666666666667,98.9,0.0,7013080.0,15.763287534840266
PSE,,,37.86,,,0.0,0.0,0.0,,,0.0,,,0.0,0.0,0.0,0.0,5589620.0,15.536421864287542
QAT,Qatar,59.0,55.28,94.0,,0.0,0.0,0.0,,,0.0,,,0.0,0.0,0.0,0.0,3115890.0,14.952025383680851
ROU,Romania,46.0,69.04,99.0,58.00372004120108,2547092.45,8752.89501718213,291.0,0.8316151202749141,0.020618556701030927,4.0,0.75,0.75,18.0,481.95000000000005,8675.1,2.0,18908600.0,16.755127402991754
RUS,Russia,22.0,34.77,100.0,,142884954.49,154470.2210702703,925.0,0.9632432432432433,0.0,1.0,0.0,1.0,21.0,7039.85238095238,147836.9,8.0,143997000.0,18.785303023989925
RWA,Rwanda,57.0,46.58,76.0,,58059.0,4466.076923076923,13.0,0.9230769230769231,0.0,0.0,,,1.0,95.0,95.0,1.0,14569300.0,16.494427133091367
SAU,Saudi Arabia,59.0,32.43,98.0,,0.0,0.0,0.0,,,0.0,,,2.0,785.3,1570.6,0.0,34566300.0,17.35838977695369
SDN,Sudan,15.0,40.83,61.0,,4776738.0,91860.34615384616,52.0,1.0,0.0,0.0,,,1.0,35.0,35.0,0.0,51662100.0,17.760234995212265
SEN,Senegal,45.0,55.82,57.99999999999999,57.289066362272536,1938161.95,10309.372074468085,188.0,0.7659574468085106,0.11702127659574468,0.0,,,1.0,44.11,44.11,0.0,18932000.0,16.756364170008275
SGP,Singapore,84.0,47.88,97.0,73.0273946535808,0.0,0.0,0.0,,,0.0,,,0.0,0.0,0.0,0.0,5870750.0,15.585492951956061
SLB,Solomon Islands,43.0,,77.0,,218006.64,9083.61,24.0,1.0,0.0,0.0,,,0.0,0.0,0.0,0.0,838645.0,13.63954277314245
SLE,Sierra Leone,33.0,62.55,49.0,55.25864798935428,3729843.96,56512.78727272727,66.0,0.8333333333333334,0.15151515151515152,0.0,,,0.0,0.0,0.0,1.0,8819790.0,15.992508618175712
SLV,El Salvador,30.0,51.36,90.0,49.64718775404538,207.0,207.0,1.0,0.0,0.0,0.0,,,3.0,178.66666666666666,536.0,2.0,6365500.0,15.666403341483836
SOM,Somalia,9.0,44.24,41.0,,0.0,0.0,0.0,,,0.0,,,0.0,0.0,0.0,0.0,19654700.0,16.79382705342983
SRB,Serbia,35.0,59.16,99.0,48.09472212934714,885134.5,7630.4698275862065,116.0,0.5344827586206896,0.3879310344827586,0.0,,,7.0,63.214285714285715,442.5,4.0,6689040.0,15.715980924049775
SSD,South Sudan,8.0,50.62,35.0,,3967209.0,158688.36,25.0,0.96,0.0,0.0,,,0.0,0.0,0.0,0.0,12188800.0,16.316028055266422
STP,Sao Tome and Principe,45.0,,94.0,,4917.0,4917.0,1.0,1.0,0.0,0.0,,,0.0,0.0,0.0,0.0,240254.0,12.389451976017561
SUR,Suriname,40.0,70.62,95.0,,68140.0,13628.0,5.0,1.0,0.0,0.0,,,0.0,0.0,0.0,0.0,639850.0,13.368989052865741
SVK,Slovakia,49.0,83.22,,,0.0,0.0,0.0,,,0.0,,,10.0,615.5,6155.0,2.0,5474880.0,15.51568091561842
SVN,Slovenia,60.0,70.59,100.0,64.21177213092889,0.0,0.0,0.0,,,0.0,,,3.0,203.33333333333334,610.0,2.0,2117070.0,14.565543615229297
SWE,Sweden,80.0,88.15,,91.62598824751475,0.0,0.0,0.0,,,1.0,1.0,1.0,1.0,568.9,568.9,0.0,10656600.0,16.181689976483472
SWZ,Eswatini,27.0,52.66,89.0,,71559.7,6505.427272727273,11.0,0.6363636363636364,0.09090909090909091,0.0,,,0.0,0.0,0.0,0.0,1256170.0,14.043577967169725
SYC,Seychelles,72.0,75.71,96.0,,0.0,0.0,0.0,,,0.0,,,0.0,0.0,0.0,0.0,132779.0,11.796441370990083
SYR,Syria,12.0,27.22,86.0,,0.0,0.0,0.0,,,0.0,,,1.0,88.4,88.4,0.0,25620400.0,17.05889946711348
TCD,Chad,21.0,53.73,27.0,,21000.0,7000.0,3.0,0.3333333333333333,0.6666666666666666,0.0,,,0.0,0.0,0.0,0.0,21003700.0,16.86020917064417
TGO,Togo,32.0,63.06,67.0,,4500.0,2250.0,2.0,1.0,0.0,0.0,,,0.0,0.0,0.0,0.0,9721610.0,16.08986180058027
THA,Thailand,34.0,55.24,94.0,53.46279579107712,262143.27,5349.862653061225,49.0,0.32653061224489793,0.0,0.0,,,1.0,162.8,162.8,1.0,71619900.0,18.086883526275557
TJK,Tajikistan,19.0,39.06,100.0,,909.0,909.0,1.0,1.0,0.0,0.0,,,2.0,119.8,239.6,2.0,10786700.0,16.193824451716537
TKM,Turkmenistan,17.0,25.82,99.0,,0.0,0.0,0.0,,,0.0,,,12.0,261.65000000000003,3139.8,2.0,7618850.0,15.846135997638294
TLS,Timor-Leste,44.0,84.49,,,2053000.0,128312.5,16.0,0.625,0.0,0.0,,,0.0,0.0,0.0,0.0,1418520.0,14.165124632532422
TON,,,71.29,99.0,,0.0,0.0,0.0,,,0.0,,,0.0,0.0,0.0,0.0,103742.0,11.549662326686201
TTO,Trinidad and Tobago,41.0,76.54,98.0,,0.0,0.0,0.0,,,0.0,,,0.0,0.0,0.0,1.0,1511160.0,14.228388125787891
TUN,Tunisia,39.0,50.11,84.0,57.533002202628126,6389.0,1597.25,4.0,0.75,0.0,0.0,,,1.0,67.8,67.8,1.0,12348600.0,16.329053254288606
TUR,Turkey,34.0,33.97,97.0,47.36824821320826,82532.21,4585.1227777777785,18.0,0.2222222222222222,0.0,1.0,0.0,1.0,13.0,3746.223076923077,48700.9,3.0,87685400.0,18.289265966858782
TWN,Taiwan,67.0,75.54,99.0,,0.0,0.0,0.0,,,4.0,0.25,0.75,0.0,0.0,0.0,0.0,23112800.0,16.95589713458246
TZA,Tanzania,41.0,44.02,82.0,54.61744134229054,1714203.59,13497.666062992126,127.0,0.7874015748031497,0.09448818897637795,0.0,,,5.0,66.76,333.8,6.0,70545900.0,18.071774119762175
UGA,Uganda,26.0,46.08,81.0,43.41433887665337,1350593.25,15347.650568181818,88.0,0.8181818181818182,0.07954545454545454,1.0,0.0,0.0,0.0,0.0,0.0,1.0,51384900.0,17.754854912946197
UKR,Ukraine,35.0,61.19,100.0,36.12442225458212,98782942.74,21710.536865934064,4550.0,0.9881318681318682,0.0,0.0,,,22.0,1067.2227272727273,23478.9,6.0,38980400.0,17.47856951366369
URY,Uruguay,76.0,70.33,99.0,70.38678255894597,1782808.6,16979.129523809526,105.0,0.9619047619047619,0.009523809523809525,0.0,,,4.0,930.8,3723.2,1.0,3384690.0,15.034772879632547
USA,United States,65.0,71.22,,76.85695671443429,0.0,0.0,0.0,,,969.0,0.0,0.5356037151702786,23.0,1803.4217391304346,41478.7,5.0,347276000.0,19.665630410805885
UZB,Uzbekistan,32.0,45.73,100.0,23.71280701002755,869553.46,13802.435873015873,63.0,0.9206349206349206,0.0,0.0,,,6.0,380.06666666666666,2280.4,2.0,37053400.0,17.427870673377196
VCT,Saint Vincent and the Grenadines,63.0,,97.0,,0.0,0.0,0.0,,,0.0,,,0.0,0.0,0.0,0.0,99924.0,11.512165176023819
VEN,Venezuela,10.0,36.99,98.0,,300000.0,60000.0,5.0,1.0,0.0,0.0,,,45.0,1564.7355555555557,70413.1,22.0,28516900.0,17.166007451950396
VNM,Vietnam,40.0,24.58,96.0,40.39741491778947,1401682.7,6429.737155963303,218.0,0.23394495412844038,0.009174311926605505,0.0,,,6.0,1327.1666666666667,7963.0,0.0,101599000.0,18.436544250540532
VUT,Vanuatu,50.0,,89.0,,0.0,0.0,0.0,,,0.0,,,0.0,0.0,0.0,0.0,335169.0,12.722390161213093
WSM,,,82.15,99.0,,0.0,0.0,0.0,,,0.0,,,0.0,0.0,0.0,0.0,219306.0,12.298223293812828
XKX,,,68.38,,,0.0,0.0,0.0,,,0.0,,,0.0,0.0,0.0,0.0,,
YEM,Yemen,13.0,32.78,70.0,,0.0,0.0,0.0,,,0.0,,,2.0,181.8,363.6,0.0,41773900.0,17.54778230056105
ZAF,South Africa,41.0,78.6,90.0,62.29821253822355,1591131.4,16926.929787234043,94.0,0.3829787234042553,0.010638297872340425,6.0,0.3333333333333333,0.5,1.0,375.0,375.0,1.0,64747300.0,17.9860025588328
ZMB,Zambia,39.0,59.41,88.0,50.809257417315465,2094243.12,21369.827755102044,98.0,0.7857142857142857,0.10204081632653061,0.0,,,0.0,0.0,0.0,0.0,21913900.0,16.902631696644193
ZWE,Zimbabwe,21.0,48.17,90.0,25.02011693899971,658089.0,26323.56,25.0,0.8,0.08,0.0,,,2.0,180.5,361.0,3.0,16950800.0,16.645825588317077
ZWE,Zimbabwe,21.0,48.17,90.0,25.02011693899971,658089.0,26323.56,25.0,0.8,0.08,0.0,,,2.0,180.5,361.0,3.0,16950800.0,16.645825588317077
